"* path","* content","* id","* title","* title_breadcrumb","* title_h1","* title_label","* title_full","* logical_path","* list_flg","* layout","* orderby","* keywords","* description","* category_top_flg","* role","* proc_type","* **delete_flg"
"/index.html",,,"ホーム",,,,,,"1","top",,,,,,,
"/lesson1/index.html",,,"テーマを知る",,,,,,"1",,,,,"1",,,
"/lesson1/chapter1/index.html",,,"テーマとは？",,,,,"/lesson1/index.html","1",,,,,,,,
"/lesson1/chapter2/index.html",,,"テーマってどうやって作られてるの？",,,,,"/lesson1/index.html","1",,,,,,,,
"/lesson1/chapter3/index.html",,,"テーマのプラグインはどこで公開されているの？",,,,,"/lesson1/index.html","1",,,,,,,,
"/lesson1/chapter4/index.html",,,"プラグインの中身を知りたい時はどこを見るの？",,,,,"/lesson1/index.html","1",,,,,,,,
"/lesson2/index.html",,,"レイアウトを知る",,,,,,"1",,,,,"1",,,
"/lesson2/chapter1/index.html",,,"レイアウトとは？",,,,,"/lesson2/index.html","1",,,,,,,,
"/lesson2/chapter2/index.html",,,"sitemapからページ名を出力するには？",,,,,"/lesson2/index.html","1",,,,,,,,
"/lesson2/chapter3/index.html",,,"sitemapからメタタグを出力するには？",,,,,"/lesson2/index.html","1",,,,,,,,
"/lesson2/chapter4/index.html",,,"sitemapからページ名<h1>用を出力するには？",,,,,"/lesson2/index.html","1",,,,,,,,
"/lesson2/chapter5/index.html",,,"レイアウトのミニマム構成とは？",,,,,"/lesson2/index.html","1",,,,,,,,
"/lesson3/index.html",,,"読み込んでみよう",,,,,,"1",,,,,"1",,,
"/lesson3/chapter1/index.html",,,"外部CSSの読み込みに挑戦してみよう！",,,,,"/lesson3/index.html","1",,,,,,,,
"/lesson3/chapter2/index.html",,,"外部JSの読み込みに挑戦してみよう！",,,,,"/lesson3/index.html","1",,,,,,,,
"/lesson3/chapter3/index.html",,,"画像の読み込みに挑戦してみよう！",,,,,"/lesson3/index.html","1",,,,,,,,
"/lesson4/index.html",,,"置き換えてみよう",,,,,,"1",,,,,"1",,,
"/lesson4/chapter1/index.html",,,"パンくずをPHPに置き換えてみよう！",,,,,"/lesson4/index.html","1",,,,,,,,
"/lesson4/chapter2/index.html",,,"グロナビをPHPに置き換えてみよう！",,,,,"/lesson4/index.html","1",,,,,,,,
"/lesson4/chapter3/index.html",,,"サブメニューをPHPに置き換えてみよう！",,,,,"/lesson4/index.html","1",,,,,,,,
"/lesson4/chapter4/index.html",,,"サイドメニューをPHPに置き換えてみよう！",,,,,"/lesson4/index.html","1",,,,,,,,
"/lesson4/chapter5/index.html",,,"メガフッターをPHPに置き換えてみよう！",,,,,"/lesson4/index.html","1",,,,,,,,
"/lesson5/index.html",,,"自作してみよう",,,,,,"1",,,,,"1",,,
"/lesson5/chapter1/index.html",,,"自作の関数を作って表示してみよう！",,,,,"/lesson5/index.html","1",,,,,,,,
"https://packagist.org/packages/pickles2/px2-multitheme",,,"Packagist",,,,,,"1","popup",,,,"1",,,
